{
  "Total" : {
    "transaction" : "Total",
    "sampleCount" : 782,
    "errorCount" : 13,
    "errorPct" : 1.6624041,
    "meanResTime" : 2671.282608695653,
    "medianResTime" : 2426.0,
    "minResTime" : 35.0,
    "maxResTime" : 7111.0,
    "pct1ResTime" : 4819.900000000001,
    "pct2ResTime" : 5210.65,
    "pct3ResTime" : 5686.549999999999,
    "throughput" : 65.28090825611487,
    "receivedKBytesPerSec" : 3429.013713451666,
    "sentKBytesPerSec" : 49.56843421299775
  },
  "Login-page" : {
    "transaction" : "Login-page",
    "sampleCount" : 200,
    "errorCount" : 4,
    "errorPct" : 2.0,
    "meanResTime" : 1789.2200000000005,
    "medianResTime" : 1902.0,
    "minResTime" : 173.0,
    "maxResTime" : 4760.0,
    "pct1ResTime" : 2594.9,
    "pct2ResTime" : 2751.4499999999994,
    "pct3ResTime" : 4218.700000000001,
    "throughput" : 23.017608470479917,
    "receivedKBytesPerSec" : 858.0577813902636,
    "sentKBytesPerSec" : 2.9671135918978018
  },
  "Home" : {
    "transaction" : "Home",
    "sampleCount" : 200,
    "errorCount" : 9,
    "errorPct" : 4.5,
    "meanResTime" : 4347.099999999999,
    "medianResTime" : 4664.0,
    "minResTime" : 35.0,
    "maxResTime" : 7111.0,
    "pct1ResTime" : 5464.0,
    "pct2ResTime" : 5584.3,
    "pct3ResTime" : 7090.800000000005,
    "throughput" : 19.29943066679533,
    "receivedKBytesPerSec" : 1629.6074563651935,
    "sentKBytesPerSec" : 27.6530309152755
  },
  "Home-0" : {
    "transaction" : "Home-0",
    "sampleCount" : 191,
    "errorCount" : 0,
    "errorPct" : 0.0,
    "meanResTime" : 2248.8010471204193,
    "medianResTime" : 2494.0,
    "minResTime" : 594.0,
    "maxResTime" : 5095.0,
    "pct1ResTime" : 2844.8,
    "pct2ResTime" : 3088.6,
    "pct3ResTime" : 4777.599999999995,
    "throughput" : 19.6118698018277,
    "receivedKBytesPerSec" : 27.71165305087791,
    "sentKBytesPerSec" : 16.143513675685387
  },
  "Home-1" : {
    "transaction" : "Home-1",
    "sampleCount" : 191,
    "errorCount" : 0,
    "errorPct" : 0.0,
    "meanResTime" : 2262.607329842931,
    "medianResTime" : 2237.0,
    "minResTime" : 562.0,
    "maxResTime" : 4636.0,
    "pct1ResTime" : 2641.0,
    "pct2ResTime" : 2934.999999999999,
    "pct3ResTime" : 4382.079999999995,
    "throughput" : 19.555646564963652,
    "receivedKBytesPerSec" : 1685.5723714101055,
    "sentKBytesPerSec" : 12.717209416914098
  }
}